{
  "network": {
    "inputSize": 15,
    "hiddenSize": 20,
    "outputSize": 2,
    "learningRate": 0.3,
    "weightsInputHidden": [
      [
        -0.7995137768424282,
        0.5623516869887522,
        1.0022791912878946,
        -0.7796369699171285,
        -0.934133417533963,
        0.4489453954465204,
        0.13541226585930582,
        0.556398253631185,
        -0.5408673262713654,
        0.8451410030331103,
        -0.4138974327196438,
        -0.1471824559344944,
        0.6483214416027563,
        -0.09356793167637524,
        0.7962392129841559,
        -0.39521786587785385,
        0.7653632392603785,
        -0.5762205451866502,
        -0.8687559262171876,
        0.8991265498648205
      ],
      [
        -0.49703349729275925,
        -0.6898260595661688,
        -0.4788144246592997,
        0.1294989814482553,
        -0.10969611672151496,
        0.10583338891145598,
        -0.3109790706741599,
        -0.42534214842847484,
        0.8156521373095951,
        -0.6828465863593447,
        0.8262579296467458,
        0.4774037343553892,
        0.4408678830375797,
        0.9392799752124802,
        0.4752918004031764,
        -0.03520497641039116,
        -0.42798564836909436,
        0.6667521836459541,
        -0.815738095403178,
        -0.6523582789148817
      ],
      [
        1.0437318472280694,
        -1.6409501020090698,
        -0.4143703801824364,
        -0.14189610643890826,
        0.03483642633995591,
        -1.774919590741179,
        -0.8531614950206254,
        -1.6460402250897839,
        -0.8355398658668941,
        0.4259277909666709,
        0.19298762981603113,
        1.2376214459284864,
        0.8291306506250912,
        1.1992597189201224,
        -1.052306678939363,
        -0.6814190280382981,
        1.0423670850119158,
        -1.3576224835588937,
        -0.7906464926502983,
        -0.417826518097843
      ],
      [
        -0.7688297731739508,
        0.5329011354217168,
        -0.7730347719283143,
        -0.47432856177345545,
        0.06577022651828013,
        -0.1762161098842304,
        -0.6079969805181406,
        1.0301847760482798,
        0.06878975626788099,
        0.6089201556461358,
        -0.6809989590463208,
        0.46291955008832203,
        -0.6151960226814805,
        0.722225030022565,
        0.8814371989157843,
        0.6550911436821377,
        0.07711863258355735,
        0.7788576515392435,
        -0.6839703418209381,
        -0.72147390518725
      ],
      [
        0.3600982984924175,
        -0.8808094503128596,
        -0.12273031275725459,
        -0.5664219081535026,
        0.07685978045054234,
        0.6639454113838725,
        -0.44682536159781466,
        -0.16055189259696728,
        0.6715049014694077,
        0.01947833828005344,
        -0.1315379466576786,
        -0.42662040784052735,
        0.5388966200894802,
        -0.991661053201116,
        0.7960620891415789,
        -0.20249081725272372,
        0.24393019172067293,
        0.6320710460439036,
        -0.03324723248899708,
        0.5807969714935901
      ],
      [
        1.495511596601816,
        -0.3732391700256255,
        -0.6577188370411123,
        -0.855561281275262,
        -0.9682744982681084,
        -1.138111336200141,
        -0.31987658884631864,
        -1.8500140421778393,
        -0.3450569799521825,
        0.7701045151085318,
        -0.46417862090321155,
        0.6849560094704108,
        1.0749000104265827,
        0.37028208213183644,
        -1.411894317645226,
        -0.3974325004201947,
        -0.13438937646979715,
        -0.6009499218196859,
        -0.4120122465581361,
        0.23875175850184557
      ],
      [
        0.032690350363788985,
        -0.3905978896970555,
        0.3611048906138658,
        0.7469872924685438,
        -0.07503575974548321,
        0.20724849407992968,
        0.3197895034383412,
        0.09155412748043638,
        -0.7066198090238989,
        0.40672062595712943,
        0.5871138182648807,
        0.44659617373697125,
        -0.17789410524092428,
        0.6483306428128942,
        -0.13856766609611354,
        -0.21149509466159547,
        -1.0027360953654967,
        -0.7910967389176947,
        -0.22132647379565215,
        -0.5953487030837009
      ],
      [
        0.6772590586510149,
        0.34416095232238425,
        0.8851403644204381,
        0.48467384592601126,
        -0.5854855360704481,
        0.7097521637081576,
        -0.7584759929127622,
        0.19048899199367822,
        0.5504229211817915,
        0.28049750129508655,
        -0.2611542437909845,
        -0.06351711896041425,
        0.51992866176843,
        0.24953242815237592,
        0.5866548855961442,
        0.12361534130860492,
        -0.5946666151083974,
        -0.8245286978577325,
        0.9779181160264947,
        0.14833229294193243
      ],
      [
        -0.3048771427431605,
        -0.2997437660952935,
        0.7526381843116877,
        -0.7815130923613679,
        -0.14862738574822842,
        0.3856570704503664,
        -0.7281714938085536,
        0.2878381260350189,
        0.8524587469596523,
        -0.008535038620964214,
        0.9328244233003825,
        1.0585540161238551,
        0.5314616976179186,
        -0.5444842864400263,
        0.6200754897858713,
        0.3296163356871133,
        0.06520458517698521,
        0.4561294853142561,
        -0.5730451125538891,
        0.7011482113273204
      ],
      [
        -0.4138400565509535,
        0.22665519890066033,
        0.4894976784847543,
        -0.3487932352250225,
        -0.6027557451085823,
        -0.7969149711416192,
        0.996119799139691,
        0.23562942156022446,
        0.20931861624436388,
        -0.5472986698454104,
        -0.7294717591666828,
        -0.42625312760079503,
        -0.644533243904107,
        0.05664356633448542,
        0.6546274007211738,
        -0.7453036287396307,
        0.8750193009566826,
        0.13269433327109417,
        -0.8141167431388694,
        0.5155758241912195
      ],
      [
        1.2414401084990714,
        0.18206416642441123,
        -0.3344014738217668,
        -0.6711417889626216,
        -0.31245777194779256,
        -0.13263817800329483,
        0.49437885636172785,
        -0.4247400979087139,
        -1.0069206149145216,
        0.16016059775179467,
        0.47252989846758586,
        0.20542161499961764,
        0.48793762058084283,
        0.47542684746581504,
        -0.6127958934913583,
        -0.9102298718774505,
        0.6455127972813127,
        -1.07061096776212,
        0.16290328151415653,
        0.7179412592443208
      ],
      [
        0.5886475060720618,
        0.3514779675987952,
        -0.12750700369528956,
        0.5211475723169987,
        0.5233740742241461,
        0.8613070561038545,
        0.21867306527019628,
        -0.7602886984578744,
        0.5175598672079742,
        -0.5043292125457182,
        0.3532159989302258,
        0.5995070071015243,
        -1.0274596163520304,
        0.2990000392531225,
        -0.3652920898515621,
        -0.5185506376751647,
        -0.9571496658744719,
        0.8836225563479441,
        -0.6842541143440062,
        0.4378798350461546
      ],
      [
        -1.123452919537846,
        -0.861814865491612,
        0.48827852236908903,
        0.2082913439027926,
        0.300542761789541,
        -0.017051463164440492,
        0.11468568566244901,
        0.4103979115256513,
        0.9819535924141825,
        0.24120728085130705,
        0.8718610126140672,
        -0.4988024696006217,
        -0.688386758242771,
        -0.05520628988397809,
        -0.10068434438781189,
        0.8806978222587157,
        0.8425260704761293,
        0.007742804794192714,
        0.6498252682854431,
        0.8673560514743279
      ],
      [
        -0.30848953570909476,
        0.8025103050842664,
        0.10850110071541598,
        0.9086871462380665,
        -0.300139702155272,
        -0.0881572288598568,
